{
  "timestamp": "2026-03-30T17:16:23.837007",
  "parameters": {
    "late_tag": "w400-750ms_b350ms",
    "n_subsamples": 20,
    "n_folds": 5,
    "n_undersample_repeats": 10,
    "random_seed": 42
  },
  "summary": {
    "n_sessions": 10,
    "n_visp_still_better": 9,
    "mean_visp_matched": 0.9148439889202553,
    "mean_visam_matched": 0.8449895885557375,
    "mean_diff_matched": -0.06985440036451797,
    "cohens_d_matched": -1.491224627331275,
    "wilcoxon_p": 0.00390625,
    "sign_test_p": 0.0107421875
  },
  "session_results": [
    {
      "session_id": 1115077618,
      "n_visp_orig": 86,
      "n_visam_orig": 87,
      "n_matched": 86,
      "VISp_orig": 0.9303646669815778,
      "VISam_orig": 0.8355644780349551,
      "diff_orig": -0.09480018894662268,
      "VISp_matched": 0.9303646669815778,
      "VISam_matched": 0.8374591402928673,
      "diff_matched": -0.09290552668871055,
      "VISp_still_better": true,
      "details": {
        "VISp": {
          "mean": 0.9303646669815778,
          "std": 0.0,
          "min": 0.9303646669815778,
          "max": 0.9303646669815778,
          "subsample_accuracies": [
            0.9303646669815778
          ]
        },
        "VISam": {
          "mean": 0.8374591402928673,
          "std": 0.004662191756423132,
          "min": 0.8291384034010392,
          "max": 0.8442352385451108,
          "subsample_accuracies": [
            0.8296674539442608,
            0.841068493150685,
            0.8347368918280585,
            0.8431072272083137,
            0.8395512517713746,
            0.8291384034010392,
            0.8391686348606517,
            0.8314577231931979,
            0.8434019839395372,
            0.8336580066131318,
            0.8383297118564006,
            0.8379244213509682,
            0.8409239489844118,
            0.834759565422768,
            0.8442352385451108,
            0.8348852149267831,
            0.8380396787907415,
            0.840804912612187,
            0.8310448748228627,
            0.8432791686348606
          ]
        }
      }
    },
    {
      "session_id": 1111013640,
      "n_visp_orig": 85,
      "n_visam_orig": 86,
      "n_matched": 85,
      "VISp_orig": 0.9537425029988004,
      "VISam_orig": 0.8684179661468745,
      "diff_orig": -0.08532453685192587,
      "VISp_matched": 0.9537425029988004,
      "VISam_matched": 0.8735053978408637,
      "diff_matched": -0.0802371051579367,
      "VISp_still_better": true,
      "details": {
        "VISp": {
          "mean": 0.9537425029988004,
          "std": 0.0,
          "min": 0.9537425029988004,
          "max": 0.9537425029988004,
          "subsample_accuracies": [
            0.9537425029988004
          ]
        },
        "VISam": {
          "mean": 0.8735053978408637,
          "std": 0.0038413614336600442,
          "min": 0.8625922964147674,
          "max": 0.881020924963348,
          "subsample_accuracies": [
            0.872337731574037,
            0.8767986138877782,
            0.8764787418365987,
            0.8732213781154204,
            0.8718739170998268,
            0.8750219912035186,
            0.8791123550579769,
            0.8625922964147674,
            0.8697680927628948,
            0.8730307876849259,
            0.8743222710915634,
            0.873525256564041,
            0.881020924963348,
            0.8737025189924031,
            0.8679808076769293,
            0.8737225109956018,
            0.8728815140610422,
            0.87156337465014,
            0.8769558843129415,
            0.874196987871518
          ]
        }
      }
    },
    {
      "session_id": 1119946360,
      "n_visp_orig": 110,
      "n_visam_orig": 120,
      "n_matched": 110,
      "VISp_orig": 0.9435877862595419,
      "VISam_orig": 0.8539821882951655,
      "diff_orig": -0.0896055979643764,
      "VISp_matched": 0.9435877862595419,
      "VISam_matched": 0.8464602706453851,
      "diff_matched": -0.09712751561415678,
      "VISp_still_better": true,
      "details": {
        "VISp": {
          "mean": 0.9435877862595419,
          "std": 0.0,
          "min": 0.9435877862595419,
          "max": 0.9435877862595419,
          "subsample_accuracies": [
            0.9435877862595419
          ]
        },
        "VISam": {
          "mean": 0.8464602706453851,
          "std": 0.007339793507991933,
          "min": 0.8279053897756189,
          "max": 0.8580638445523942,
          "subsample_accuracies": [
            0.8527608142493639,
            0.8554776775387463,
            0.8440735600277585,
            0.8481598427018275,
            0.8538017580383993,
            0.8425537820957668,
            0.8463451306962757,
            0.8479828822576913,
            0.8468147120055518,
            0.8419222761970854,
            0.8279053897756189,
            0.8422241498959055,
            0.8544078186444599,
            0.8436005089058524,
            0.8575965764515383,
            0.8475445292620865,
            0.8417730742539902,
            0.8385646541753413,
            0.8376324311820496,
            0.8580638445523942
          ]
        }
      }
    },
    {
      "session_id": 1115086689,
      "n_visp_orig": 97,
      "n_visam_orig": 71,
      "n_matched": 71,
      "VISp_orig": 0.9511357506742584,
      "VISam_orig": 0.8478573569074019,
      "diff_orig": -0.10327839376685644,
      "VISp_matched": 0.9268520627309961,
      "VISam_matched": 0.8478573569074019,
      "diff_matched": -0.07899470582359414,
      "VISp_still_better": true,
      "details": {
        "VISp": {
          "mean": 0.9268520627309961,
          "std": 0.013871326385350175,
          "min": 0.8976136250124863,
          "max": 0.9488742383378284,
          "subsample_accuracies": [
            0.9351723104584957,
            0.9076256118269903,
            0.9275367096194188,
            0.9066307062231544,
            0.9168005194286286,
            0.938987114174408,
            0.9427869343721905,
            0.9488742383378284,
            0.936446908400759,
            0.9326530816102288,
            0.9351633203476176,
            0.9401028868244931,
            0.9117191089801219,
            0.9159524523024674,
            0.9377185096393967,
            0.8976136250124863,
            0.9145739686345022,
            0.9306562780940965,
            0.9217530716212166,
            0.9382738987114175
          ]
        },
        "VISam": {
          "mean": 0.8478573569074019,
          "std": 0.0,
          "min": 0.8478573569074019,
          "max": 0.8478573569074019,
          "subsample_accuracies": [
            0.8478573569074019
          ]
        }
      }
    },
    {
      "session_id": 1116941914,
      "n_visp_orig": 71,
      "n_visam_orig": 91,
      "n_matched": 71,
      "VISp_orig": 0.9200344478216819,
      "VISam_orig": 0.8811124620060792,
      "diff_orig": -0.03892198581560269,
      "VISp_matched": 0.9200344478216819,
      "VISam_matched": 0.8623174772036475,
      "diff_matched": -0.05771697061803438,
      "VISp_still_better": true,
      "details": {
        "VISp": {
          "mean": 0.9200344478216819,
          "std": 0.0,
          "min": 0.9200344478216819,
          "max": 0.9200344478216819,
          "subsample_accuracies": [
            0.9200344478216819
          ]
        },
        "VISam": {
          "mean": 0.8623174772036475,
          "std": 0.012083869738938316,
          "min": 0.8417619047619048,
          "max": 0.8843799392097266,