{
  "analysis_type": "late_window_H3",
  "parameters": {
    "n_permutations": 100,
    "n_folds": 5,
    "n_undersample_repeats": 10,
    "random_seed": 42,
    "classifier": "LogisticRegressionCV(Cs=10, penalty=l2, inner_cv=3)",
    "variance_reported": "std across undersample repeats (not folds)"
  },
  "results": {
    "VISp": {
      "observed_accuracy": 0.9001378902787354,
      "accuracy_std_across_repeats": 0.008623182665932327,
      "repeat_means": [
        0.8933024721757116,
        0.9045109819757707,
        0.8861814242095931,
        0.9002659312518467,
        0.8918841721658624,
        0.9185068452674086,
        0.9030631340490496,
        0.9003348763912143,
        0.8960011819166749,
        0.9073278833842213
      ],
      "null_mean": 0.5025594405594405,
      "null_std": 0.02188698197965186,
      "null_95th": 0.5421156308480252,
      "null_99th": 0.5462432778489116,
      "p_value": 0.009900990099009901,
      "n_permutations": 100,
      "n_units": 38,
      "n_features": 38,
      "n_omission_trials": 356,
      "null_distribution": [
        0.5435930266916182,
        0.5169211070619522,
        0.512725302866148,
        0.5196986112479071,
        0.5293903279818772,
        0.49565645621983656,
        0.4873140943563479,
        0.5223874716832463,
        0.5308578745198462,
        0.5012902590367379,
        0.511218359105683,
        0.48034078597458885,
        0.49441544371121837,
        0.5097902097902098,
        0.46621688170983944,
        0.50974096326209,
        0.49015069437604647,
        0.5126563577267802,
        0.5096917167339703,
        0.4592534226337043,
        0.46213926918152265,
        0.5041958041958041,
        0.4900817492366788,
        0.5462424899044617,
        0.48311829016054375,
        0.4494533635378706,
        0.5421156308480252,
        0.5069043632423914,
        0.5014379986210973,
        0.4831478380774155,
        0.5181916674874422,
        0.5070718014379987,
        0.5027775041859549,
        0.5140057125972619,
        0.509967497291441,
        0.5141042056535015,
        0.5042745986407958,
        0.4999507534718802,
        0.5125578646705407,
        0.504254900029548,
        0.5000196986112478,
        0.5125874125874126,
        0.504245050723924,
        0.4677533733871762,
        0.5252733182310647,
        0.5154437112183591,
        0.513986013986014,
        0.4873731901900916,
        0.5083916083916084,
        0.4830296464099281,
        0.5294691224268689,
        0.4718900817492367,
        0.5028169014084507,
        0.5309071210479661,
        0.46632522407170296,
        0.5210578154240126,
        0.49024918743228596,
        0.4718900817492367,
        0.5099970452083127,
        0.4844085491972816,
        0.518201516793066,
        0.4957155520535802,
        0.5027775041859549,
        0.49706490692406186,
        0.5141140549591254,
        0.5126662070324042,
        0.48451689155914507,
        0.5463212843494534,
        0.49578449719294787,
        0.5027972027972029,
        0.5421156308480252,
        0.47894218457598736,
        0.4762139269181523,
        0.537919826652221,
        0.4676056338028169,
        0.4887914901999409,
        0.47888308874224367,
        0.4972126465084211,
        0.4986407958238944,
        0.4830985915492958,
        0.5070028562986308,
        0.47744509012114644,
        0.5295085196493646,
        0.46772382547030433,
        0.4621294198758988,
        0.5252437703141929,
        0.5196592140254112,
        0.520988870284645,
        0.5295577661774845,
        0.5323155717521915,
        0.5083325125578646,
        0.4986407958238944,
        0.5056535014281492,
        0.519708460553531,
        0.49441544371121837,
        0.4761843790012804,
        0.46205062543090714,
        0.5182901605436816,
        0.48310844085491966,
        0.5421845759873929
      ]
    },
    "VISam": {
      "observed_accuracy": 0.7514054959125381,
      "accuracy_std_across_repeats": 0.009881955928649466,
      "repeat_means": [
        0.7485866246429627,
        0.7528218260612627,
        0.7571358219245543,
        0.744489313503398,
        0.7555993302472176,
        0.7512656357726779,
        0.738786565547129,
        0.7738599428740274,
        0.7541514823204964,
        0.7373584162316557
      ],
      "null_mean": 0.500338422141239,
      "null_std": 0.02257048057982833,
      "null_95th": 0.5378947109228799,
      "null_99th": 0.5449722249581403,
      "p_value": 0.009900990099009901,
      "n_permutations": 100,
      "n_units": 45,
      "n_features": 45,
      "n_omission_trials": 356,
      "null_distribution": [
        0.502974490298434,
        0.505722446567517,
        0.471821136609869,
        0.49712400275780555,
        0.5112479070225548,
        0.4999606027775041,
        0.5253028661479366,
        0.5210676647296365,
        0.5168521619225844,
        0.5055648576775337,
        0.4606815719491776,
        0.5449719294789717,
        0.4663547719885749,
        0.5056633507337732,
        0.5111592632719393,
        0.5183886535999211,
        0.5450014773958436,
        0.5308775731310943,
        0.5378902787353491,
        0.4832857283561509,
        0.4817492366788141,
        0.5254407564266719,
        0.4817295380675663,
        0.4774549394267704,
        0.5126071111986604,
        0.47189993105486067,
        0.5083620604747365,
        0.5070324042155028,
        0.48167044223382255,
        0.5209888702846449,
        0.5028070521028267,
        0.5056042549000296,
        0.4872746971338521,
        0.5042352014183,
        0.5295676154831085,
        0.5085098000590959,
        0.5323057224465676,
        0.5097409632620898,
        0.544912833645228,
        0.47613513247316064,
        0.49724219442529305,
        0.4649857185068453,
        0.5379789224859648,
        0.4914705013296562,
        0.49016054368167045,
        0.49579434649857185,
        0.5097803604845857,
        0.48593519156899434,
        0.5168817098394564,
        0.4943267999606028,
        0.5098591549295775,
        0.4424603565448636,
        0.5196690633310352,
        0.47888308874224367,
        0.5042155028070521,
        0.4788633901309958,
        0.5140746577366295,
        0.4844085491972816,
        0.4733773268984537,
        0.47879444499162804,
        0.4972126465084211,
        0.5196986112479071,
        0.49168718605338324,
        0.47619422830690433,
        0.46633507337732694,
        0.4480252142223973,
        0.497025509701566,
        0.5280606717226436,
        0.5111789618831872,
        0.5183197084605535,
        0.48172953806756624,
        0.48457598739288876,
        0.4929084999507534,
        0.5112085098000592,
        0.5210479661183886,
        0.4831281394661676,
        0.5026593125184675,
        0.46357726780262,
        0.5267310154634097,
        0.5323057224465675,
        0.5084901014478479,
        0.48875209297744515,
        0.5211169112577563,
        0.48593519156899434,
        0.4635378705801241,
        0.4787845956860042,
        0.5041761055845563,
        0.4607111198660494,
        0.5407958238944155,
        0.48881118881118873,
        0.47899143110410713,
        0.4789717324928592,
        0.5181818181818182,
        0.5337141731507928,
        0.49012114645917465,
        0.5281394661676352,
        0.5028267507140747,
        0.5167832167832167,
        0.4874224367182114,
        0.5028661479365704
      ]
    }
  }
}