{
  "analysis_type": "late_window_H3",
  "parameters": {
    "n_permutations": 100,
    "n_folds": 5,
    "n_undersample_repeats": 10,
    "random_seed": 42,
    "classifier": "LogisticRegressionCV(Cs=10, penalty=l2, inner_cv=3)",
    "variance_reported": "std across undersample repeats (not folds)"
  },
  "results": {
    "VISp": {
      "observed_accuracy": 0.9742933123214813,
      "accuracy_std_across_repeats": 0.005857387934003106,
      "repeat_means": [
        0.9732985324534621,
        0.9691125775632818,
        0.9747069831576873,
        0.9803506352802127,
        0.9662956761548311,
        0.9803407859745888,
        0.9831182901605438,
        0.9775140352605142,
        0.9733182310647098,
        0.9648773761449817
      ],
      "null_mean": 0.5007900128040973,
      "null_std": 0.02298252694527406,
      "null_95th": 0.5339367674578942,
      "null_99th": 0.5494161331626122,
      "p_value": 0.009900990099009901,
      "n_permutations": 100,
      "n_units": 38,
      "n_features": 38,
      "n_omission_trials": 356,
      "null_distribution": [
        0.49165763813651137,
        0.5266325224071703,
        0.5042056535014281,
        0.5434945336353787,
        0.5295183689549887,
        0.49998030138875205,
        0.49998030138875205,
        0.5196493647197873,
        0.5266620703240422,
        0.5013493548704816,
        0.5225155126563578,
        0.48316753668866347,
        0.47199842411110016,
        0.4691027282576578,
        0.46636462129419876,
        0.5337634196789126,
        0.5014576972323452,
        0.49292819856200143,
        0.4957254013592042,
        0.47759282970550576,
        0.47889293804786764,
        0.47763222692800156,
        0.4971535506746775,
        0.5014576972323451,
        0.48323648182803114,
        0.48178863390131,
        0.46201122820841134,
        0.4999704520831282,
        0.49303654092386484,
        0.5210972126465083,
        0.4957057027479562,
        0.5338028169014084,
        0.46069142125480156,
        0.49152959716340006,
        0.48871269575494924,
        0.5308874224367182,
        0.5309662168817099,
        0.49018024229291834,
        0.48452674086476905,
        0.5028070521028268,
        0.506983157687383,
        0.5028169014084507,
        0.48317738599428744,
        0.5097902097902098,
        0.5223874716832462,
        0.5043139958632916,
        0.4719196296661085,
        0.49297744509012115,
        0.549148035063528,
        0.4986210972126465,
        0.495774647887324,
        0.504225352112676,
        0.5759578449719295,
        0.5056633507337732,
        0.5238451689155914,
        0.5085590465872156,
        0.5070619521323747,
        0.5265438786565546,
        0.4536787156505467,
        0.5056338028169014,
        0.5323155717521915,
        0.5027282576578351,
        0.488771791588693,
        0.49998030138875205,
        0.49430710134935485,
        0.47603663941692115,
        0.5182015167930661,
        0.5364818280311239,
        0.46489707475622966,
        0.5210184182015167,
        0.5182409140155618,
        0.5069536097705111,
        0.46777307199842416,
        0.5140155619028859,
        0.5169211070619522,
        0.5379099773465972,
        0.5029252437703142,
        0.4944252930168423,
        0.4775534324830099,
        0.4901900915985423,
        0.47330838175908596,
        0.5013592041761056,
        0.5140549591253817,
        0.533674775928297,
        0.4662365803210874,
        0.49152959716339995,
        0.474795626908303,
        0.4901900915985423,
        0.5098493056239535,
        0.4943661971830986,
        0.48451689155914507,
        0.5055648576775337,
        0.5098788535408254,
        0.5028070521028267,
        0.516960504284448,
        0.4353590071899931,
        0.5238747168324632,
        0.4901900915985423,
        0.4634984733576283,
        0.5224268689057421
      ]
    },
    "VISam": {
      "observed_accuracy": 0.8029636560622475,
      "accuracy_std_across_repeats": 0.01393499408722133,
      "repeat_means": [
        0.7837387964148527,
        0.7949670048261597,
        0.8159854230276766,
        0.8118093174431203,
        0.8005417118093175,
        0.8118388653599922,
        0.8090219639515415,
        0.827331823106471,
        0.7921205555008372,
        0.7822810991825075
      ],
      "null_mean": 0.496222003348764,
      "null_std": 0.024302819850004882,
      "null_95th": 0.5339259332217078,
      "null_99th": 0.5549460258051808,
      "p_value": 0.009900990099009901,
      "n_permutations": 100,
      "n_units": 45,
      "n_features": 45,
      "n_omission_trials": 356,
      "null_distribution": [
        0.4817886339013099,
        0.47335762828720573,
        0.49297744509012115,
        0.5167930660888407,
        0.5210381168127647,
        0.500009849305624,
        0.5111691125775633,
        0.5014084507042254,
        0.5266128237959224,
        0.501477395843593,
        0.48871269575494924,
        0.4845759873928889,
        0.5112577563281789,
        0.499990150694376,
        0.5041071604451886,
        0.4831379887717916,
        0.5520437309169702,
        0.5054959125381661,
        0.5013001083423618,
        0.47345612134344534,
        0.48439869989165774,
        0.528169014084507,
        0.5013789027873534,
        0.4943661971830986,
        0.4844676450310253,
        0.4957254013592042,
        0.5084605535309761,
        0.522466266128238,
        0.48048852555894805,
        0.46481828031123806,
        0.5407662759775436,
        0.52668176893529,
        0.4535802225943071,
        0.516960504284448,
        0.5169211070619522,
        0.43525066482812963,
        0.5111691125775633,
        0.554890180242293,
        0.525421057815424,
        0.4761548310844086,
        0.5197183098591549,
        0.4789027873534916,
        0.49015069437604647,
        0.4886929971437014,
        0.48041958041958044,
        0.5337141731507928,
        0.5126366591155322,
        0.4957746478873239,
        0.5379493745690929,
        0.5336649266226731,
        0.5097803604845857,
        0.5041958041958041,
        0.4564168226140056,
        0.46621688170983944,
        0.48454643947601694,
        0.4873731901900916,
        0.4803309366689648,
        0.48169999015069437,
        0.4733379296759578,
        0.5097508125677139,
        0.4916379395252635,
        0.4676942775534325,
        0.5084211563084802,
        0.523933812666207,
        0.49580419580419577,
        0.4901999409041663,
        0.4452477100364424,
        0.49569585344233236,
        0.5054959125381661,
        0.5028661479365705,
        0.44367182113660986,
        0.5069437604648872,
        0.511238057716931,
        0.48735349157884367,
        0.48462523392100854,
        0.48878164089431697,
        0.4929971437013691,
        0.4818477297350537,
        0.5154535605239831,
        0.49584359302669156,
        0.4535408253718113,
        0.47471683246331137,
        0.5181325716536984,
        0.49578449719294787,
        0.4746872845464395,
        0.5168324633113365,
        0.4733674775928297,
        0.5168718605338324,
        0.5098690042352014,
        0.481965921402541,
        0.47603663941692115,
        0.4958435930266917,
        0.5604747365310745,
        0.47199842411110016,
        0.46347877474638033,
        0.4734462720378213,
        0.5323155717521915,
        0.47461833940707177,
        0.4916083916083916,
        0.452339210085689
      ]
    }
  }
}