{
  "analysis_type": "late_window_H3",
  "parameters": {
    "n_permutations": 100,
    "n_folds": 5,
    "n_undersample_repeats": 10,
    "random_seed": 42,
    "classifier": "LogisticRegressionCV(Cs=10, penalty=l2, inner_cv=3)",
    "variance_reported": "std across undersample repeats (not folds)"
  },
  "results": {
    "VISp": {
      "observed_accuracy": 0.9962090022653405,
      "accuracy_std_across_repeats": 0.0017812351448214375,
      "repeat_means": [
        0.9971929478971733,
        0.9957943464985718,
        0.9971929478971733,
        0.9971929478971733,
        0.9943858957943466,
        0.9943957450999704,
        1.0,
        0.9971830985915492,
        0.9943760464887225,
        0.9943760464887225
      ],
      "null_mean": 0.5029378508815128,
      "null_std": 0.02298828084885649,
      "null_95th": 0.5421786664040186,
      "null_99th": 0.5561842805082242,
      "p_value": 0.009900990099009901,
      "n_permutations": 100,
      "n_units": 38,
      "n_features": 570,
      "n_omission_trials": 356,
      "null_distribution": [
        0.5069043632423914,
        0.5209888702846449,
        0.5196690633310352,
        0.5266620703240422,
        0.5084014576972323,
        0.490052201319807,
        0.48165074362257465,
        0.5253422633704324,
        0.5307889293804787,
        0.46201122820841134,
        0.5027972027972027,
        0.48175908598443806,
        0.4830887422436718,
        0.466325224071703,
        0.49576479858170003,
        0.5168620112282085,
        0.5197380084704029,
        0.4971732492859253,
        0.5028267507140746,
        0.48175908598443806,
        0.48584654781837877,
        0.49584359302669156,
        0.520988870284645,
        0.5013986013986014,
        0.46063232542105786,
        0.4844971929478972,
        0.5083916083916084,
        0.5127253028661479,
        0.5014675465379691,
        0.4803801831970846,
        0.525194523786073,
        0.4901112971535507,
        0.4620998719590269,
        0.4971830985915493,
        0.45788436915197483,
        0.5111297153550675,
        0.4986506451295184,
        0.5056535014281494,
        0.5239830591943269,
        0.4943366492662268,
        0.5295085196493646,
        0.5196986112479071,
        0.5210972126465084,
        0.47321973800847045,
        0.5253028661479365,
        0.4803801831970846,
        0.5083522111691126,
        0.5604648872254507,
        0.5407071801437999,
        0.47891263665911554,
        0.4972126465084211,
        0.5464493253225647,
        0.5393775238845662,
        0.4873830394957156,
        0.49724219442529305,
        0.5266817689352901,
        0.5084704028365999,
        0.48040973111395646,
        0.4916477888308875,
        0.500019698611248,
        0.5435634787747464,
        0.4901900915985423,
        0.5056239535112775,
        0.4831281394661676,
        0.5041958041958042,
        0.49858169999015073,
        0.5379099773465971,
        0.5421057815424013,
        0.466315374766079,
        0.5098197577070817,
        0.5294888210381168,
        0.5126760563380282,
        0.49726189303654095,
        0.5449325322564759,
        0.5028366000196985,
        0.556141042056535,
        0.49863094651827045,
        0.518221215404314,
        0.4761449817787846,
        0.5027972027972029,
        0.47760267901112974,
        0.5294001772875012,
        0.5154141633014871,
        0.46637447059982273,
        0.4985423027676549,
        0.4775238845661381,
        0.4860730818477297,
        0.4565153156702452,
        0.48740273810696344,
        0.5042745986407958,
        0.5154240126071111,
        0.49855215207327885,
        0.5253915098985521,
        0.5056239535112774,
        0.5140648084310055,
        0.470550576184379,
        0.5168423126169605,
        0.522476115433862,
        0.46344922682950856,
        0.49021963951541414
      ]
    },
    "VISam": {
      "observed_accuracy": 0.9787924751305033,
      "accuracy_std_across_repeats": 0.004088396343150403,
      "repeat_means": [
        0.9761055845562888,
        0.9732985324534621,
        0.9817295380675664,
        0.9845464394760169,
        0.9747463803801832,
        0.9733379296759578,
        0.9817492366788143,
        0.9789323352703633,
        0.9845464394760169,
        0.9789323352703635
      ],
      "null_mean": 0.5003218753077907,
      "null_std": 0.02275093938960521,
      "null_95th": 0.5352595292031911,
      "null_99th": 0.5494728651630061,
      "p_value": 0.009900990099009901,
      "n_permutations": 100,
      "n_units": 45,
      "n_features": 675,
      "n_omission_trials": 356,
      "null_distribution": [
        0.4718900817492367,
        0.49168718605338324,
        0.5111888111888112,
        0.5224071702944942,
        0.5167536688663449,
        0.5210676647296365,
        0.5156209987195902,
        0.49434649857185065,
        0.5490987885354083,
        0.48311829016054364,
        0.5041958041958041,
        0.5295676154831085,
        0.48041958041958044,
        0.4888308874224367,
        0.4831970846055353,
        0.4803112380577169,
        0.5041071604451887,
        0.4929084999507535,
        0.5083916083916085,
        0.5029350930759382,
        0.5098000590958337,
        0.5113464000787944,
        0.49156899438589574,
        0.4746872845464395,
        0.4999310548606323,
        0.4985521520732788,
        0.522456416822614,
        0.5351915689943858,
        0.473288683147838,
        0.49863094651827045,
        0.5239141140549591,
        0.5365507731704915,
        0.4887914901999409,
        0.5493056239535112,
        0.48169999015069437,
        0.4874618339407072,
        0.5224859647394859,
        0.5126366591155322,
        0.5155028070521028,
        0.5125972618930366,
        0.5224958140451098,
        0.4663843199054467,
        0.5266522210184181,
        0.4928986506451295,
        0.5126169605042844,
        0.5139958632916379,
        0.4466266128237959,
        0.4972323451196691,
        0.4998719590268886,
        0.5111395646606913,
        0.5057618437900129,
        0.48036048458583663,
        0.47190978036048464,
        0.49852260415640703,
        0.47608588594504087,
        0.4859647394858662,
        0.5253422633704324,
        0.4802718408352211,
        0.5252536196198168,
        0.47751403526051417,
        0.48599428740273815,
        0.4789618831872353,
        0.5407367280606719,
        0.4466266128237959,
        0.5126662070324042,
        0.5097508125677139,
        0.4872943957451,
        0.5210282675071408,
        0.4606224761154339,
        0.5155816014970944,
        0.4605633802816901,
        0.5209790209790209,
        0.48320693391115926,
        0.5070619521323747,
        0.5660297449029843,
        0.49575494927607605,
        0.5028070521028267,
        0.46922091992514525,
        0.5336649266226731,
        0.4845661380872648,
        0.5126760563380282,
        0.5013789027873535,
        0.5084901014478479,
        0.5027775041859549,
        0.4944055944055944,
        0.49992120555500835,
        0.4746183394070719,
        0.49441544371121837,
        0.5083719097803605,
        0.500019698611248,
        0.48874224367182106,
        0.504225352112676,
        0.513986013986014,
        0.5280902196395154,
        0.5098099084014577,
        0.5224958140451099,
        0.49291834925637745,
        0.4437801634984734,
        0.4676647296365607,
        0.4649364719787255
      ]
    }
  }
}