{
  "analysis_type": "late_window_H3",
  "parameters": {
    "n_permutations": 100,
    "n_folds": 5,
    "n_undersample_repeats": 10,
    "random_seed": 42,
    "classifier": "LogisticRegressionCV(Cs=10, penalty=l2, inner_cv=3)",
    "variance_reported": "std across undersample repeats (not folds)"
  },
  "results": {
    "VISp": {
      "observed_accuracy": 0.4763823500443219,
      "accuracy_std_across_repeats": 0.022614716279931116,
      "repeat_means": [
        0.513956466069142,
        0.5055944055944056,
        0.4565251649758692,
        0.4857874519846351,
        0.45644637053087755,
        0.4901999409041662,
        0.43819560720969164,
        0.47606618733379297,
        0.45932236777307195,
        0.48172953806756624
      ],
      "null_mean": 0.5023373387176204,
      "null_std": 0.02293487320159264,
      "null_95th": 0.5407780951442923,
      "null_99th": 0.5534661676351817,
      "p_value": 0.8415841584158416,
      "n_permutations": 100,
      "n_units": 38,
      "n_features": 38,
      "n_omission_trials": 356,
      "null_distribution": [
        0.4929478971732493,
        0.5492169802028958,
        0.48872254506057333,
        0.5126169605042845,
        0.4929872943957451,
        0.5013690534817294,
        0.5140155619028859,
        0.4985915492957747,
        0.513966315374766,
        0.5126169605042845,
        0.5014379986210973,
        0.47471683246331137,
        0.5043041465576676,
        0.4888801339505565,
        0.5280606717226435,
        0.5070225549098788,
        0.49724219442529305,
        0.5182704619324338,
        0.5139072195410224,
        0.46626612823795927,
        0.5042056535014281,
        0.5056732000393972,
        0.4662858268492071,
        0.4621097212646509,
        0.4663350733773268,
        0.522456416822614,
        0.5042056535014281,
        0.4803112380577169,
        0.48170983945631834,
        0.49580419580419577,
        0.5015463409829606,
        0.5168521619225845,
        0.5112085098000592,
        0.5126268098099084,
        0.5013887520929774,
        0.43677730719984237,
        0.5168620112282085,
        0.4692110706195214,
        0.4802718408352211,
        0.529449423815621,
        0.5128730424505072,
        0.5113168521619226,
        0.5098394563183295,
        0.5280114251945237,
        0.5113660986900423,
        0.49716339998030135,
        0.47326898453659016,
        0.5085196493647198,
        0.5041958041958042,
        0.4986013986013987,
        0.5014970944548409,
        0.5069634590761352,
        0.5323254210578154,
        0.49156899438589574,
        0.5126465084211562,
        0.5127154535605241,
        0.4985620013789028,
        0.5209494730621491,
        0.49857185068452675,
        0.5252437703141929,
        0.504254900029548,
        0.5098099084014578,
        0.48461538461538467,
        0.5238550182212154,
        0.5408155225056633,
        0.47335762828720573,
        0.5070816507436227,
        0.47472668176893534,
        0.5196986112479071,
        0.5646015955875111,
        0.48585639712400275,
        0.4930168423126169,
        0.4690436324239141,
        0.5154240126071111,
        0.5477789815817984,
        0.5378804294297252,
        0.5407761252831675,
        0.46070127056042554,
        0.5350044321875307,
        0.511247907022555,
        0.4859253422633705,
        0.49993105486063233,
        0.5125874125874126,
        0.47748448734364235,
        0.4971437013690535,
        0.5028562986309466,
        0.46632522407170296,
        0.5280606717226435,
        0.46630552546045506,
        0.5378607308184773,
        0.5533536885649561,
        0.5113070028562986,
        0.4972815916477888,
        0.49162809021963955,
        0.49438589579434644,
        0.4832266325224072,
        0.4972126465084211,
        0.46626612823795927,
        0.46067172264355366,
        0.505722446567517
      ]
    },
    "VISam": {
      "observed_accuracy": 0.5118093174431203,
      "accuracy_std_across_repeats": 0.02870759286655978,
      "repeat_means": [
        0.4873731901900916,
        0.4466364621294199,
        0.5253521126760564,
        0.5083325125578646,
        0.5140845070422536,
        0.493016842312617,
        0.549157884369152,
        0.5210676647296365,
        0.528188712695755,
        0.5448832857283562
      ],
      "null_mean": 0.4962700679602088,
      "null_std": 0.02387469031977565,
      "null_95th": 0.5298916576381365,
      "null_99th": 0.5602982369742934,
      "p_value": 0.2376237623762376,
      "n_permutations": 100,
      "n_units": 45,
      "n_features": 45,
      "n_omission_trials": 356,
      "null_distribution": [
        0.5000295479168718,
        0.5041564069733083,
        0.4718900817492367,
        0.47617452969565643,
        0.5000787944449916,
        0.5294691224268689,
        0.5027775041859548,
        0.5098591549295775,
        0.4956170589973407,
        0.47330838175908596,
        0.4606224761154339,
        0.488771791588693,
        0.46788141436028763,
        0.5084605535309761,
        0.452112676056338,
        0.48035063528021277,
        0.5266817689352901,
        0.49148035063528017,
        0.5294100265931252,
        0.46908302964640997,
        0.4788732394366197,
        0.5253324140648085,
        0.5224071702944942,
        0.4774352408155226,
        0.5210282675071407,
        0.5098000590958337,
        0.5083916083916085,
        0.47606618733379297,
        0.5168521619225845,
        0.5056436521225254,
        0.488771791588693,
        0.5280803703338914,
        0.45778587609573523,
        0.5463311336550774,
        0.4958435930266917,
        0.49297744509012115,
        0.537919826652221,
        0.5168521619225844,
        0.45510686496601993,
        0.5084113070028563,
        0.45637742539150994,
        0.499990150694376,
        0.5602679011129715,
        0.4984635083226632,
        0.51821136609869,
        0.5266325224071703,
        0.4886831478380774,
        0.48457598739288876,
        0.5083423618634886,
        0.5041268590564366,
        0.5211169112577564,
        0.4915591450802719,
        0.4677435240815523,
        0.4761055845562888,
        0.5000295479168718,
        0.4635280212745001,
        0.5083620604747365,
        0.5379592238747168,
        0.5000787944449916,
        0.49161824091401557,
        0.4607111198660494,
        0.4788338422141239,
        0.51821136609869,
        0.48448734364227325,
        0.504225352112676,
        0.4944055944055944,
        0.4930857874519846,
        0.47472668176893523,
        0.4732295873140943,
        0.5633014872451492,
        0.47597754358317734,
        0.504225352112676,
        0.5055747069831578,
        0.4859154929577465,
        0.49296759578449717,
        0.48166059292819857,
        0.5238845661380873,
        0.45077317049148036,
        0.5238747168324632,
        0.48461538461538456,
        0.5042844479464198,
        0.5253127154535605,
        0.5238747168324633,
        0.47334777898158187,
        0.4635280212745002,
        0.4915098985521521,
        0.48458583669851285,
        0.49160839160839165,
        0.49998030138875205,
        0.49167733674775926,
        0.504225352112676,
        0.5055057618437899,
        0.4719294789717325,
        0.4425293016842312,
        0.4944548409337141,
        0.4733280803703339,
        0.49720279720279714,
        0.47472668176893534,
        0.523923963360583,
        0.5028858465478183
      ]
    }
  }
}